fiscal_year,fund,department,class,total
FY2025 Actual,General Fund,Art Museum,"Contrib., Indemnities & Taxes",2642000
FY2026 Adopted,General Fund,Art Museum,"Contrib., Indemnities & Taxes",2342000
FY2026 Estimated,General Fund,Art Museum,"Contrib., Indemnities & Taxes",2342000
FY2027 Proposed,General Fund,Art Museum,"Contrib., Indemnities & Taxes",2142000
FY2025 Actual,General Fund,Auditing (City Controller),Personal Services,10855618
FY2026 Adopted,General Fund,Auditing (City Controller),Personal Services,11007561
FY2026 Estimated,General Fund,Auditing (City Controller),Personal Services,11377564
FY2027 Proposed,General Fund,Auditing (City Controller),Personal Services,11643467
FY2025 Actual,General Fund,Auditing (City Controller),Purchase of Services,814783
FY2026 Adopted,General Fund,Auditing (City Controller),Purchase of Services,708573
FY2026 Estimated,General Fund,Auditing (City Controller),Purchase of Services,708573
FY2027 Proposed,General Fund,Auditing (City Controller),Purchase of Services,608573
FY2025 Actual,General Fund,Auditing (City Controller),"Materials, Supplies & Equip.",37800
FY2026 Adopted,General Fund,Auditing (City Controller),"Materials, Supplies & Equip.",40000
FY2026 Estimated,General Fund,Auditing (City Controller),"Materials, Supplies & Equip.",40000
FY2027 Proposed,General Fund,Auditing (City Controller),"Materials, Supplies & Equip.",40000
FY2025 Actual,General Fund,Board of Ethics,Personal Services,1239258
FY2026 Adopted,General Fund,Board of Ethics,Personal Services,1367043
FY2026 Estimated,General Fund,Board of Ethics,Personal Services,1385853
FY2027 Proposed,General Fund,Board of Ethics,Personal Services,1451997
FY2025 Actual,General Fund,Board of Ethics,Purchase of Services,42877
FY2026 Adopted,General Fund,Board of Ethics,Purchase of Services,52500
FY2026 Estimated,General Fund,Board of Ethics,Purchase of Services,52500
FY2027 Proposed,General Fund,Board of Ethics,Purchase of Services,52500
FY2025 Actual,General Fund,Board of Ethics,"Materials, Supplies & Equip.",1985
FY2026 Adopted,General Fund,Board of Ethics,"Materials, Supplies & Equip.",7500
FY2026 Estimated,General Fund,Board of Ethics,"Materials, Supplies & Equip.",7500
FY2027 Proposed,General Fund,Board of Ethics,"Materials, Supplies & Equip.",7500
FY2025 Actual,General Fund,Board of Revision of Taxes,Personal Services,1164238
FY2026 Adopted,General Fund,Board of Revision of Taxes,Personal Services,1164218
FY2026 Estimated,General Fund,Board of Revision of Taxes,Personal Services,1192803
FY2027 Proposed,General Fund,Board of Revision of Taxes,Personal Services,1180874
FY2025 Actual,General Fund,Board of Revision of Taxes,Purchase of Services,69850
FY2026 Adopted,General Fund,Board of Revision of Taxes,Purchase of Services,70681
FY2026 Estimated,General Fund,Board of Revision of Taxes,Purchase of Services,80681
FY2027 Proposed,General Fund,Board of Revision of Taxes,Purchase of Services,52681
FY2025 Actual,General Fund,Board of Revision of Taxes,"Materials, Supplies & Equip.",12308
FY2026 Adopted,General Fund,Board of Revision of Taxes,"Materials, Supplies & Equip.",17727
FY2026 Estimated,General Fund,Board of Revision of Taxes,"Materials, Supplies & Equip.",17727
FY2027 Proposed,General Fund,Board of Revision of Taxes,"Materials, Supplies & Equip.",17727
FY2025 Actual,General Fund,Citizens Police Oversight Commission,Personal Services,0
FY2026 Adopted,General Fund,Citizens Police Oversight Commission,Personal Services,2656030
FY2026 Estimated,General Fund,Citizens Police Oversight Commission,Personal Services,2651366
FY2027 Proposed,General Fund,Citizens Police Oversight Commission,Personal Services,2661621
FY2025 Actual,General Fund,Citizens Police Oversight Commission,Purchase of Services,0
FY2026 Adopted,General Fund,Citizens Police Oversight Commission,Purchase of Services,438002
FY2026 Estimated,General Fund,Citizens Police Oversight Commission,Purchase of Services,438002
FY2027 Proposed,General Fund,Citizens Police Oversight Commission,Purchase of Services,438002
FY2025 Actual,General Fund,Citizens Police Oversight Commission,"Materials, Supplies & Equip.",0
FY2026 Adopted,General Fund,Citizens Police Oversight Commission,"Materials, Supplies & Equip.",12000
FY2026 Estimated,General Fund,Citizens Police Oversight Commission,"Materials, Supplies & Equip.",42000
FY2027 Proposed,General Fund,Citizens Police Oversight Commission,"Materials, Supplies & Equip.",42000
FY2025 Actual,General Fund,City Commissioners,Personal Services,14089613
FY2026 Adopted,General Fund,City Commissioners,Personal Services,12190244
FY2026 Estimated,General Fund,City Commissioners,Personal Services,12737991
FY2027 Proposed,General Fund,City Commissioners,Personal Services,12831524
FY2025 Actual,General Fund,City Commissioners,Purchase of Services,18121641
FY2026 Adopted,General Fund,City Commissioners,Purchase of Services,13740101
FY2026 Estimated,General Fund,City Commissioners,Purchase of Services,14107335
FY2027 Proposed,General Fund,City Commissioners,Purchase of Services,13740101
FY2025 Actual,General Fund,City Commissioners,"Materials, Supplies & Equip.",4890868
FY2026 Adopted,General Fund,City Commissioners,"Materials, Supplies & Equip.",3183733
FY2026 Estimated,General Fund,City Commissioners,"Materials, Supplies & Equip.",5282792
FY2027 Proposed,General Fund,City Commissioners,"Materials, Supplies & Equip.",3166533
FY2025 Actual,General Fund,City Commissioners,"Contrib., Indemnities & Taxes",1000
FY2026 Adopted,General Fund,City Commissioners,"Contrib., Indemnities & Taxes",0
FY2026 Estimated,General Fund,City Commissioners,"Contrib., Indemnities & Taxes",0
FY2027 Proposed,General Fund,City Commissioners,"Contrib., Indemnities & Taxes",0
FY2025 Actual,General Fund,City Council,Personal Services,18235179
FY2026 Adopted,General Fund,City Council,Personal Services,21268492
FY2026 Estimated,General Fund,City Council,Personal Services,21491293
FY2027 Proposed,General Fund,City Council,Personal Services,21565560
FY2025 Actual,General Fund,City Council,Purchase of Services,4027852
FY2026 Adopted,General Fund,City Council,Purchase of Services,4372979
FY2026 Estimated,General Fund,City Council,Purchase of Services,4372979
FY2027 Proposed,General Fund,City Council,Purchase of Services,4372979
FY2025 Actual,General Fund,City Council,"Materials, Supplies & Equip.",737771
FY2026 Adopted,General Fund,City Council,"Materials, Supplies & Equip.",817582
FY2026 Estimated,General Fund,City Council,"Materials, Supplies & Equip.",817582
FY2027 Proposed,General Fund,City Council,"Materials, Supplies & Equip.",817582
FY2025 Actual,General Fund,City Council,"Contrib., Indemnities & Taxes",0
FY2026 Adopted,General Fund,City Council,"Contrib., Indemnities & Taxes",100
FY2026 Estimated,General Fund,City Council,"Contrib., Indemnities & Taxes",100
FY2027 Proposed,General Fund,City Council,"Contrib., Indemnities & Taxes",100
FY2025 Actual,General Fund,City Council,Payments to Other Funds,0
FY2026 Adopted,General Fund,City Council,Payments to Other Funds,100
FY2026 Estimated,General Fund,City Council,Payments to Other Funds,100
FY2027 Proposed,General Fund,City Council,Payments to Other Funds,100
FY2025 Actual,General Fund,City Council,Advances and Other Misc. Payments,0
FY2026 Adopted,General Fund,City Council,Advances and Other Misc. Payments,100
FY2026 Estimated,General Fund,City Council,Advances and Other Misc. Payments,100
FY2027 Proposed,General Fund,City Council,Advances and Other Misc. Payments,100
FY2025 Actual,General Fund,City Representative,Personal Services,0
FY2026 Adopted,General Fund,City Representative,Personal Services,1794682
FY2026 Estimated,General Fund,City Representative,Personal Services,1863226
FY2027 Proposed,General Fund,City Representative,Personal Services,2068492
FY2025 Actual,General Fund,City Representative,Purchase of Services,0
FY2026 Adopted,General Fund,City Representative,Purchase of Services,1252500
FY2026 Estimated,General Fund,City Representative,Purchase of Services,1252500
FY2027 Proposed,General Fund,City Representative,Purchase of Services,1202500
FY2025 Actual,General Fund,City Representative,"Materials, Supplies & Equip.",0
FY2026 Adopted,General Fund,City Representative,"Materials, Supplies & Equip.",195000
FY2026 Estimated,General Fund,City Representative,"Materials, Supplies & Equip.",195000
FY2027 Proposed,General Fund,City Representative,"Materials, Supplies & Equip.",170000
FY2025 Actual,General Fund,City Treasurer,Personal Services,1879805
FY2026 Adopted,General Fund,City Treasurer,Personal Services,1966172
FY2026 Estimated,General Fund,City Treasurer,Personal Services,2020631
FY2027 Proposed,General Fund,City Treasurer,Personal Services,2038723
FY2025 Actual,General Fund,City Treasurer,Purchase of Services,1623408
FY2026 Adopted,General Fund,City Treasurer,Purchase of Services,3351903
FY2026 Estimated,General Fund,City Treasurer,Purchase of Services,3351903
FY2027 Proposed,General Fund,City Treasurer,Purchase of Services,3301903
FY2025 Actual,General Fund,City Treasurer,"Materials, Supplies & Equip.",18122
FY2026 Adopted,General Fund,City Treasurer,"Materials, Supplies & Equip.",43724
FY2026 Estimated,General Fund,City Treasurer,"Materials, Supplies & Equip.",43724
FY2027 Proposed,General Fund,City Treasurer,"Materials, Supplies & Equip.",43724
FY2025 Actual,General Fund,Civil Service Commission,Personal Services,163334
FY2026 Adopted,General Fund,Civil Service Commission,Personal Services,188425
FY2026 Estimated,General Fund,Civil Service Commission,Personal Services,193736
FY2027 Proposed,General Fund,Civil Service Commission,Personal Services,196262
FY2025 Actual,General Fund,Civil Service Commission,Purchase of Services,29500
FY2026 Adopted,General Fund,Civil Service Commission,Purchase of Services,29500
FY2026 Estimated,General Fund,Civil Service Commission,Purchase of Services,29500
FY2027 Proposed,General Fund,Civil Service Commission,Purchase of Services,29500
FY2025 Actual,General Fund,Civil Service Commission,"Materials, Supplies & Equip.",0
FY2026 Adopted,General Fund,Civil Service Commission,"Materials, Supplies & Equip.",1094
FY2026 Estimated,General Fund,Civil Service Commission,"Materials, Supplies & Equip.",1094
FY2027 Proposed,General Fund,Civil Service Commission,"Materials, Supplies & Equip.",1094
FY2025 Actual,General Fund,Civil Service Commission,Advances and Other Misc. Payments,0
FY2026 Adopted,General Fund,Civil Service Commission,Advances and Other Misc. Payments,101577000
FY2026 Estimated,General Fund,Civil Service Commission,Advances and Other Misc. Payments,15508000
FY2027 Proposed,General Fund,Civil Service Commission,Advances and Other Misc. Payments,39309000
FY2025 Actual,General Fund,Commerce,Personal Services,5146082
FY2026 Adopted,General Fund,Commerce,Personal Services,7251854
FY2026 Estimated,General Fund,Commerce,Personal Services,7299966
FY2027 Proposed,General Fund,Commerce,Personal Services,7447173
FY2025 Actual,General Fund,Commerce,Purchase of Services,11074576
FY2026 Adopted,General Fund,Commerce,Purchase of Services,8574913
FY2026 Estimated,General Fund,Commerce,Purchase of Services,8574913
FY2027 Proposed,General Fund,Commerce,Purchase of Services,7981928
FY2025 Actual,General Fund,Commerce,"Materials, Supplies & Equip.",34027
FY2026 Adopted,General Fund,Commerce,"Materials, Supplies & Equip.",181654
FY2026 Estimated,General Fund,Commerce,"Materials, Supplies & Equip.",181654
FY2027 Proposed,General Fund,Commerce,"Materials, Supplies & Equip.",181654
FY2025 Actual,General Fund,Commerce,"Contrib., Indemnities & Taxes",1000000
FY2026 Adopted,General Fund,Commerce,"Contrib., Indemnities & Taxes",505000
FY2026 Estimated,General Fund,Commerce,"Contrib., Indemnities & Taxes",505000
FY2027 Proposed,General Fund,Commerce,"Contrib., Indemnities & Taxes",505000
FY2025 Actual,General Fund,Commerce-Convention Center Subsidy,Purchase of Services,15000000
FY2026 Adopted,General Fund,Commerce-Convention Center Subsidy,Purchase of Services,15000000
FY2026 Estimated,General Fund,Commerce-Convention Center Subsidy,Purchase of Services,15000000
FY2027 Proposed,General Fund,Commerce-Convention Center Subsidy,Purchase of Services,15000000
FY2025 Actual,General Fund,Commerce-Economic Stimulus,Purchase of Services,35004294
FY2026 Adopted,General Fund,Commerce-Economic Stimulus,Purchase of Services,101365294
FY2026 Estimated,General Fund,Commerce-Economic Stimulus,Purchase of Services,101365294
FY2027 Proposed,General Fund,Commerce-Economic Stimulus,Purchase of Services,90415294
FY2025 Actual,General Fund,District Attorney,Personal Services,53432721
FY2026 Adopted,General Fund,District Attorney,Personal Services,53718003
FY2026 Estimated,General Fund,District Attorney,Personal Services,54828664
FY2027 Proposed,General Fund,District Attorney,Personal Services,55408611
FY2025 Actual,General Fund,District Attorney,Purchase of Services,3254563
FY2026 Adopted,General Fund,District Attorney,Purchase of Services,4762186
FY2026 Estimated,General Fund,District Attorney,Purchase of Services,4762186
FY2027 Proposed,General Fund,District Attorney,Purchase of Services,3842186
FY2025 Actual,General Fund,District Attorney,"Materials, Supplies & Equip.",828631
FY2026 Adopted,General Fund,District Attorney,"Materials, Supplies & Equip.",832275
FY2026 Estimated,General Fund,District Attorney,"Materials, Supplies & Equip.",832275
FY2027 Proposed,General Fund,District Attorney,"Materials, Supplies & Equip.",832275
FY2025 Actual,General Fund,District Attorney,"Contrib., Indemnities & Taxes",183750
FY2026 Adopted,General Fund,District Attorney,"Contrib., Indemnities & Taxes",0
FY2026 Estimated,General Fund,District Attorney,"Contrib., Indemnities & Taxes",0
FY2027 Proposed,General Fund,District Attorney,"Contrib., Indemnities & Taxes",0
FY2025 Actual,General Fund,Finance,Personal Services,12150436
FY2026 Adopted,General Fund,Finance,Personal Services,19148552
FY2026 Estimated,General Fund,Finance,Personal Services,19510270
FY2027 Proposed,General Fund,Finance,Personal Services,17315813
FY2025 Actual,General Fund,Finance,Purchase of Services,2246542
FY2026 Adopted,General Fund,Finance,Purchase of Services,6719101
FY2026 Estimated,General Fund,Finance,Purchase of Services,6719101
FY2027 Proposed,General Fund,Finance,Purchase of Services,5770620
FY2025 Actual,General Fund,Finance,"Materials, Supplies & Equip.",45754
FY2026 Adopted,General Fund,Finance,"Materials, Supplies & Equip.",47024
FY2026 Estimated,General Fund,Finance,"Materials, Supplies & Equip.",47024
FY2027 Proposed,General Fund,Finance,"Materials, Supplies & Equip.",567024
FY2025 Actual,General Fund,Finance,"Contrib., Indemnities & Taxes",30564016
FY2026 Adopted,General Fund,Finance,"Contrib., Indemnities & Taxes",53746603
FY2026 Estimated,General Fund,Finance,"Contrib., Indemnities & Taxes",53746603
FY2027 Proposed,General Fund,Finance,"Contrib., Indemnities & Taxes",15008000
FY2025 Actual,General Fund,Finance,Payments to Other Funds,2925000
FY2026 Adopted,General Fund,Finance,Payments to Other Funds,2168061
FY2026 Estimated,General Fund,Finance,Payments to Other Funds,57168061
FY2027 Proposed,General Fund,Finance,Payments to Other Funds,2500000
FY2025 Actual,General Fund,Finance,Advances and Other Misc. Payments,0
FY2026 Adopted,General Fund,Finance,Advances and Other Misc. Payments,0
FY2026 Estimated,General Fund,Finance,Advances and Other Misc. Payments,91000000
FY2027 Proposed,General Fund,Finance,Advances and Other Misc. Payments,100
FY2025 Actual,General Fund,Finance-Budget Stabilization,Payments to Other Funds,58291000
FY2026 Adopted,General Fund,Finance-Budget Stabilization,Payments to Other Funds,58860000
FY2026 Estimated,General Fund,Finance-Budget Stabilization,Payments to Other Funds,58860000
FY2027 Proposed,General Fund,Finance-Budget Stabilization,Payments to Other Funds,52484000
FY2025 Actual,General Fund,Finance-Community College Subsidy,"Contrib., Indemnities & Taxes",56003181
FY2026 Adopted,General Fund,Finance-Community College Subsidy,"Contrib., Indemnities & Taxes",54003181
FY2026 Estimated,General Fund,Finance-Community College Subsidy,"Contrib., Indemnities & Taxes",54003181
FY2027 Proposed,General Fund,Finance-Community College Subsidy,"Contrib., Indemnities & Taxes",55853181
FY2025 Actual,General Fund,Finance-Employee Benefits,Pers. Svcs.-Emp.Benefits,1625686168
FY2026 Adopted,General Fund,Finance-Employee Benefits,Pers. Svcs.-Emp.Benefits,1745587635
FY2026 Estimated,General Fund,Finance-Employee Benefits,Pers. Svcs.-Emp.Benefits,1722866127
FY2027 Proposed,General Fund,Finance-Employee Benefits,Pers. Svcs.-Emp.Benefits,1821169058
FY2025 Actual,General Fund,Finance-Hero Scholarship Awards,"Contrib., Indemnities & Taxes",0
FY2026 Adopted,General Fund,Finance-Hero Scholarship Awards,"Contrib., Indemnities & Taxes",150000
FY2026 Estimated,General Fund,Finance-Hero Scholarship Awards,"Contrib., Indemnities & Taxes",150000
FY2027 Proposed,General Fund,Finance-Hero Scholarship Awards,"Contrib., Indemnities & Taxes",150000
FY2025 Actual,General Fund,Finance-Payment to Housing Trust Fund,Payments to Other Funds,31390926
FY2026 Adopted,General Fund,Finance-Payment to Housing Trust Fund,Payments to Other Funds,34044031
FY2026 Estimated,General Fund,Finance-Payment to Housing Trust Fund,Payments to Other Funds,34044031
FY2027 Proposed,General Fund,Finance-Payment to Housing Trust Fund,Payments to Other Funds,34668215
FY2025 Actual,General Fund,Finance-Indemnities,"Contrib., Indemnities & Taxes",0
FY2026 Adopted,General Fund,Finance-Indemnities,"Contrib., Indemnities & Taxes",61246000
FY2026 Estimated,General Fund,Finance-Indemnities,"Contrib., Indemnities & Taxes",61246000
FY2027 Proposed,General Fund,Finance-Indemnities,"Contrib., Indemnities & Taxes",61278421
FY2025 Actual,General Fund,Finance-Reg #32,Personal Services,13509960
FY2026 Adopted,General Fund,Finance-Reg #32,Personal Services,12200000
FY2026 Estimated,General Fund,Finance-Reg #32,Personal Services,9200000
FY2027 Proposed,General Fund,Finance-Reg #32,Personal Services,8000000
FY2025 Actual,General Fund,Finance-Refunds,"Contrib., Indemnities & Taxes",33220
FY2026 Adopted,General Fund,Finance-Refunds,"Contrib., Indemnities & Taxes",250000
FY2026 Estimated,General Fund,Finance-Refunds,"Contrib., Indemnities & Taxes",250000
FY2027 Proposed,General Fund,Finance-Refunds,"Contrib., Indemnities & Taxes",250000
FY2025 Actual,General Fund,Finance-School District Contribution,"Contrib., Indemnities & Taxes",284052590
FY2026 Adopted,General Fund,Finance-School District Contribution,"Contrib., Indemnities & Taxes",284052590
FY2026 Estimated,General Fund,Finance-School District Contribution,"Contrib., Indemnities & Taxes",284052590
FY2027 Proposed,General Fund,Finance-School District Contribution,"Contrib., Indemnities & Taxes",284052590
FY2025 Actual,General Fund,Finance-Witness Fees,Purchase of Services,188549
FY2026 Adopted,General Fund,Finance-Witness Fees,Purchase of Services,260094
FY2026 Estimated,General Fund,Finance-Witness Fees,Purchase of Services,260094
FY2027 Proposed,General Fund,Finance-Witness Fees,Purchase of Services,260094
FY2025 Actual,General Fund,Fire,Personal Services,402309895
FY2026 Adopted,General Fund,Fire,Personal Services,392110292
FY2026 Estimated,General Fund,Fire,Personal Services,392640495
FY2027 Proposed,General Fund,Fire,Personal Services,395934095
FY2025 Actual,General Fund,Fire,Purchase of Services,11867631
FY2026 Adopted,General Fund,Fire,Purchase of Services,20250034
FY2026 Estimated,General Fund,Fire,Purchase of Services,20250034
FY2027 Proposed,General Fund,Fire,Purchase of Services,20360034
FY2025 Actual,General Fund,Fire,"Materials, Supplies & Equip.",14318311
FY2026 Adopted,General Fund,Fire,"Materials, Supplies & Equip.",23283589
FY2026 Estimated,General Fund,Fire,"Materials, Supplies & Equip.",15783589
FY2027 Proposed,General Fund,Fire,"Materials, Supplies & Equip.",31673714
FY2025 Actual,General Fund,Fire,"Contrib., Indemnities & Taxes",1783089
FY2026 Adopted,General Fund,Fire,"Contrib., Indemnities & Taxes",0
FY2026 Estimated,General Fund,Fire,"Contrib., Indemnities & Taxes",0
FY2027 Proposed,General Fund,Fire,"Contrib., Indemnities & Taxes",0
FY2025 Actual,General Fund,Fire,Payments to Other Funds,8248000
FY2026 Adopted,General Fund,Fire,Payments to Other Funds,8577920
FY2026 Estimated,General Fund,Fire,Payments to Other Funds,8577920
FY2027 Proposed,General Fund,Fire,Payments to Other Funds,12908000
FY2025 Actual,General Fund,First Judicial District,Personal Services,112665985
FY2026 Adopted,General Fund,First Judicial District,Personal Services,121493440
FY2026 Estimated,General Fund,First Judicial District,Personal Services,125525205
FY2027 Proposed,General Fund,First Judicial District,Personal Services,127020161
FY2025 Actual,General Fund,First Judicial District,Purchase of Services,21573933
FY2026 Adopted,General Fund,First Judicial District,Purchase of Services,9075191
FY2026 Estimated,General Fund,First Judicial District,Purchase of Services,9075191
FY2027 Proposed,General Fund,First Judicial District,Purchase of Services,9075191
FY2025 Actual,General Fund,First Judicial District,"Materials, Supplies & Equip.",2343460
FY2026 Adopted,General Fund,First Judicial District,"Materials, Supplies & Equip.",2343461
FY2026 Estimated,General Fund,First Judicial District,"Materials, Supplies & Equip.",2343461
FY2027 Proposed,General Fund,First Judicial District,"Materials, Supplies & Equip.",2343461
FY2025 Actual,General Fund,First Judicial District,"Contrib., Indemnities & Taxes",715
FY2026 Adopted,General Fund,First Judicial District,"Contrib., Indemnities & Taxes",0
FY2026 Estimated,General Fund,First Judicial District,"Contrib., Indemnities & Taxes",0
FY2027 Proposed,General Fund,First Judicial District,"Contrib., Indemnities & Taxes",0
FY2025 Actual,General Fund,Fleet Services,Personal Services,22511171
FY2026 Adopted,General Fund,Fleet Services,Personal Services,22978157
FY2026 Estimated,General Fund,Fleet Services,Personal Services,24059805
FY2027 Proposed,General Fund,Fleet Services,Personal Services,24755702
FY2025 Actual,General Fund,Fleet Services,Purchase of Services,7548797
FY2026 Adopted,General Fund,Fleet Services,Purchase of Services,7530287
FY2026 Estimated,General Fund,Fleet Services,Purchase of Services,9847840
FY2027 Proposed,General Fund,Fleet Services,Purchase of Services,7530287
FY2025 Actual,General Fund,Fleet Services,"Materials, Supplies & Equip.",29784792
FY2026 Adopted,General Fund,Fleet Services,"Materials, Supplies & Equip.",30991515
FY2026 Estimated,General Fund,Fleet Services,"Materials, Supplies & Equip.",28673962
FY2027 Proposed,General Fund,Fleet Services,"Materials, Supplies & Equip.",28514327
FY2025 Actual,General Fund,Fleet Services -Vehicle Lease/Purch.,"Materials, Supplies & Equip.",25343082
FY2026 Adopted,General Fund,Fleet Services -Vehicle Lease/Purch.,"Materials, Supplies & Equip.",16359245
FY2026 Estimated,General Fund,Fleet Services -Vehicle Lease/Purch.,"Materials, Supplies & Equip.",16359245
FY2027 Proposed,General Fund,Fleet Services -Vehicle Lease/Purch.,"Materials, Supplies & Equip.",15359245
FY2025 Actual,General Fund,Free Library,Personal Services,55374187
FY2026 Adopted,General Fund,Free Library,Personal Services,62094315
FY2026 Estimated,General Fund,Free Library,Personal Services,65023489
FY2027 Proposed,General Fund,Free Library,Personal Services,65588857
FY2025 Actual,General Fund,Free Library,Purchase of Services,3657025
FY2026 Adopted,General Fund,Free Library,Purchase of Services,4224722
FY2026 Estimated,General Fund,Free Library,Purchase of Services,4224722
FY2027 Proposed,General Fund,Free Library,Purchase of Services,4224722
FY2025 Actual,General Fund,Free Library,"Materials, Supplies & Equip.",8383626
FY2026 Adopted,General Fund,Free Library,"Materials, Supplies & Equip.",8345551
FY2026 Estimated,General Fund,Free Library,"Materials, Supplies & Equip.",8345551
FY2027 Proposed,General Fund,Free Library,"Materials, Supplies & Equip.",8445551
FY2025 Actual,General Fund,Free Library,"Contrib., Indemnities & Taxes",102008
FY2026 Adopted,General Fund,Free Library,"Contrib., Indemnities & Taxes",0
FY2026 Estimated,General Fund,Free Library,"Contrib., Indemnities & Taxes",0
FY2027 Proposed,General Fund,Free Library,"Contrib., Indemnities & Taxes",0
FY2025 Actual,General Fund,Human Relations Commission,Personal Services,2674280
FY2026 Adopted,General Fund,Human Relations Commission,Personal Services,2825926
FY2026 Estimated,General Fund,Human Relations Commission,Personal Services,2939728
FY2027 Proposed,General Fund,Human Relations Commission,Personal Services,3105010
FY2025 Actual,General Fund,Human Relations Commission,Purchase of Services,56179
FY2026 Adopted,General Fund,Human Relations Commission,Purchase of Services,66901
FY2026 Estimated,General Fund,Human Relations Commission,Purchase of Services,66901
FY2027 Proposed,General Fund,Human Relations Commission,Purchase of Services,76901
FY2025 Actual,General Fund,Human Relations Commission,"Materials, Supplies & Equip.",21342
FY2026 Adopted,General Fund,Human Relations Commission,"Materials, Supplies & Equip.",28031
FY2026 Estimated,General Fund,Human Relations Commission,"Materials, Supplies & Equip.",28031
FY2027 Proposed,General Fund,Human Relations Commission,"Materials, Supplies & Equip.",28031
FY2025 Actual,General Fund,Human Services,Personal Services,33029159
FY2026 Adopted,General Fund,Human Services,Personal Services,36733759
FY2026 Estimated,General Fund,Human Services,Personal Services,38102699
FY2027 Proposed,General Fund,Human Services,Personal Services,38313511
FY2025 Actual,General Fund,Human Services,Purchase of Services,175925175
FY2026 Adopted,General Fund,Human Services,Purchase of Services,190873006
FY2026 Estimated,General Fund,Human Services,Purchase of Services,190123006
FY2027 Proposed,General Fund,Human Services,Purchase of Services,194336763
FY2025 Actual,General Fund,Human Services,"Materials, Supplies & Equip.",494133
FY2026 Adopted,General Fund,Human Services,"Materials, Supplies & Equip.",1865136
FY2026 Estimated,General Fund,Human Services,"Materials, Supplies & Equip.",1865136
FY2027 Proposed,General Fund,Human Services,"Materials, Supplies & Equip.",1865136
FY2025 Actual,General Fund,Human Services,"Contrib., Indemnities & Taxes",1333500
FY2026 Adopted,General Fund,Human Services,"Contrib., Indemnities & Taxes",0
FY2026 Estimated,General Fund,Human Services,"Contrib., Indemnities & Taxes",0
FY2027 Proposed,General Fund,Human Services,"Contrib., Indemnities & Taxes",0
FY2025 Actual,General Fund,Labor,Personal Services,3293586
FY2026 Adopted,General Fund,Labor,Personal Services,4309944
FY2026 Estimated,General Fund,Labor,Personal Services,4402577
FY2027 Proposed,General Fund,Labor,Personal Services,4452926
FY2025 Actual,General Fund,Labor,Purchase of Services,556800
FY2026 Adopted,General Fund,Labor,Purchase of Services,1415961
FY2026 Estimated,General Fund,Labor,Purchase of Services,1265961
FY2027 Proposed,General Fund,Labor,Purchase of Services,890814
FY2025 Actual,General Fund,Labor,"Materials, Supplies & Equip.",5600
FY2026 Adopted,General Fund,Labor,"Materials, Supplies & Equip.",21420
FY2026 Estimated,General Fund,Labor,"Materials, Supplies & Equip.",21420
FY2027 Proposed,General Fund,Labor,"Materials, Supplies & Equip.",21420
FY2025 Actual,General Fund,Law,Personal Services,21171665
FY2026 Adopted,General Fund,Law,Personal Services,22302432
FY2026 Estimated,General Fund,Law,Personal Services,22634186
FY2027 Proposed,General Fund,Law,Personal Services,22983668
FY2025 Actual,General Fund,Law,Purchase of Services,13974798
FY2026 Adopted,General Fund,Law,Purchase of Services,14193145
FY2026 Estimated,General Fund,Law,Purchase of Services,14193145
FY2027 Proposed,General Fund,Law,Purchase of Services,14693145
FY2025 Actual,General Fund,Law,"Materials, Supplies & Equip.",182747
FY2026 Adopted,General Fund,Law,"Materials, Supplies & Equip.",184676
FY2026 Estimated,General Fund,Law,"Materials, Supplies & Equip.",184676
FY2027 Proposed,General Fund,Law,"Materials, Supplies & Equip.",184676
FY2025 Actual,General Fund,Law,"Contrib., Indemnities & Taxes",17500
FY2026 Adopted,General Fund,Law,"Contrib., Indemnities & Taxes",0
FY2026 Estimated,General Fund,Law,"Contrib., Indemnities & Taxes",0
FY2027 Proposed,General Fund,Law,"Contrib., Indemnities & Taxes",0
FY2025 Actual,General Fund,Licenses & Inspection,Personal Services,30019946
FY2026 Adopted,General Fund,Licenses & Inspection,Personal Services,30761407
FY2026 Estimated,General Fund,Licenses & Inspection,Personal Services,32136750
FY2027 Proposed,General Fund,Licenses & Inspection,Personal Services,33725984
FY2025 Actual,General Fund,Licenses & Inspection,Purchase of Services,12303107
FY2026 Adopted,General Fund,Licenses & Inspection,Purchase of Services,14188444
FY2026 Estimated,General Fund,Licenses & Inspection,Purchase of Services,14188444
FY2027 Proposed,General Fund,Licenses & Inspection,Purchase of Services,14212118
FY2025 Actual,General Fund,Licenses & Inspection,"Materials, Supplies & Equip.",748569
FY2026 Adopted,General Fund,Licenses & Inspection,"Materials, Supplies & Equip.",1041475
FY2026 Estimated,General Fund,Licenses & Inspection,"Materials, Supplies & Equip.",1041475
FY2027 Proposed,General Fund,Licenses & Inspection,"Materials, Supplies & Equip.",2510475
FY2025 Actual,General Fund,Licenses & Inspection,"Contrib., Indemnities & Taxes",326750
FY2026 Adopted,General Fund,Licenses & Inspection,"Contrib., Indemnities & Taxes",0
FY2026 Estimated,General Fund,Licenses & Inspection,"Contrib., Indemnities & Taxes",0
FY2027 Proposed,General Fund,Licenses & Inspection,"Contrib., Indemnities & Taxes",0
FY2025 Actual,General Fund,L&I-Board of Building Standards,Personal Services,91834
FY2026 Adopted,General Fund,L&I-Board of Building Standards,Personal Services,90074
FY2026 Estimated,General Fund,L&I-Board of Building Standards,Personal Services,93490
FY2027 Proposed,General Fund,L&I-Board of Building Standards,Personal Services,94904
FY2025 Actual,General Fund,L&I-Board of L&I Review,Personal Services,181491
FY2026 Adopted,General Fund,L&I-Board of L&I Review,Personal Services,176933
FY2026 Estimated,General Fund,L&I-Board of L&I Review,Personal Services,183417
FY2027 Proposed,General Fund,L&I-Board of L&I Review,Personal Services,184334
FY2025 Actual,General Fund,L&I-Board of L&I Review,Purchase of Services,10436
FY2026 Adopted,General Fund,L&I-Board of L&I Review,Purchase of Services,10436
FY2026 Estimated,General Fund,L&I-Board of L&I Review,Purchase of Services,10436
FY2027 Proposed,General Fund,L&I-Board of L&I Review,Purchase of Services,10436
FY2025 Actual,General Fund,Managing Director,Personal Services,38813248
FY2026 Adopted,General Fund,Managing Director,Personal Services,36508162
FY2026 Estimated,General Fund,Managing Director,Personal Services,37166928
FY2027 Proposed,General Fund,Managing Director,Personal Services,37211322
FY2025 Actual,General Fund,Managing Director,Purchase of Services,155133578
FY2026 Adopted,General Fund,Managing Director,Purchase of Services,64357107
FY2026 Estimated,General Fund,Managing Director,Purchase of Services,68029790
FY2027 Proposed,General Fund,Managing Director,Purchase of Services,71921238
FY2025 Actual,General Fund,Managing Director,"Materials, Supplies & Equip.",5746768
FY2026 Adopted,General Fund,Managing Director,"Materials, Supplies & Equip.",5483732
FY2026 Estimated,General Fund,Managing Director,"Materials, Supplies & Equip.",5833732
FY2027 Proposed,General Fund,Managing Director,"Materials, Supplies & Equip.",4530754
FY2025 Actual,General Fund,Managing Director,"Contrib., Indemnities & Taxes",440254
FY2026 Adopted,General Fund,Managing Director,"Contrib., Indemnities & Taxes",0
FY2026 Estimated,General Fund,Managing Director,"Contrib., Indemnities & Taxes",0
FY2027 Proposed,General Fund,Managing Director,"Contrib., Indemnities & Taxes",0
FY2025 Actual,General Fund,Managing Director,Payments to Other Funds,36300000
FY2026 Adopted,General Fund,Managing Director,Payments to Other Funds,350000
FY2026 Estimated,General Fund,Managing Director,Payments to Other Funds,350000
FY2027 Proposed,General Fund,Managing Director,Payments to Other Funds,350000
FY2025 Actual,General Fund,Managing Director-Defenders Association,Purchase of Services,66497780
FY2026 Adopted,General Fund,Managing Director-Defenders Association,Purchase of Services,69047780
FY2026 Estimated,General Fund,Managing Director-Defenders Association,Purchase of Services,69047780
FY2027 Proposed,General Fund,Managing Director-Defenders Association,Purchase of Services,69047780
FY2025 Actual,General Fund,Managing Director-Citizens Police Oversight Commission,Personal Services,1822639
FY2026 Adopted,General Fund,Managing Director-Citizens Police Oversight Commission,Personal Services,0
FY2026 Estimated,General Fund,Managing Director-Citizens Police Oversight Commission,Personal Services,0
FY2027 Proposed,General Fund,Managing Director-Citizens Police Oversight Commission,Personal Services,0
FY2025 Actual,General Fund,Managing Director-Citizens Police Oversight Commission,Purchase of Services,585887
FY2026 Adopted,General Fund,Managing Director-Citizens Police Oversight Commission,Purchase of Services,0
FY2026 Estimated,General Fund,Managing Director-Citizens Police Oversight Commission,Purchase of Services,0
FY2027 Proposed,General Fund,Managing Director-Citizens Police Oversight Commission,Purchase of Services,0
FY2025 Actual,General Fund,Managing Director-Citizens Police Oversight Commission,"Materials, Supplies & Equip.",35407
FY2026 Adopted,General Fund,Managing Director-Citizens Police Oversight Commission,"Materials, Supplies & Equip.",0
FY2026 Estimated,General Fund,Managing Director-Citizens Police Oversight Commission,"Materials, Supplies & Equip.",0
FY2027 Proposed,General Fund,Managing Director-Citizens Police Oversight Commission,"Materials, Supplies & Equip.",0
FY2025 Actual,General Fund,Managing Director-Clean & Green,Personal Services,586289
FY2026 Adopted,General Fund,Managing Director-Clean & Green,Personal Services,0
FY2026 Estimated,General Fund,Managing Director-Clean & Green,Personal Services,0
FY2027 Proposed,General Fund,Managing Director-Clean & Green,Personal Services,0
FY2025 Actual,General Fund,Managing Director-Clean & Green,Purchase of Services,1490493
FY2026 Adopted,General Fund,Managing Director-Clean & Green,Purchase of Services,0
FY2026 Estimated,General Fund,Managing Director-Clean & Green,Purchase of Services,0
FY2027 Proposed,General Fund,Managing Director-Clean & Green,Purchase of Services,0
FY2025 Actual,General Fund,Managing Director-Clean & Green,"Materials, Supplies & Equip.",0
FY2026 Adopted,General Fund,Managing Director-Clean & Green,"Materials, Supplies & Equip.",0
FY2026 Estimated,General Fund,Managing Director-Clean & Green,"Materials, Supplies & Equip.",0
FY2027 Proposed,General Fund,Managing Director-Clean & Green,"Materials, Supplies & Equip.",0
FY2025 Actual,General Fund,Managing Director-Public Safety,Personal Services,5278006
FY2026 Adopted,General Fund,Managing Director-Public Safety,Personal Services,0
FY2026 Estimated,General Fund,Managing Director-Public Safety,Personal Services,0
FY2027 Proposed,General Fund,Managing Director-Public Safety,Personal Services,0
FY2025 Actual,General Fund,Managing Director-Public Safety,Purchase of Services,19251165
FY2026 Adopted,General Fund,Managing Director-Public Safety,Purchase of Services,0
FY2026 Estimated,General Fund,Managing Director-Public Safety,Purchase of Services,0
FY2027 Proposed,General Fund,Managing Director-Public Safety,Purchase of Services,0
FY2025 Actual,General Fund,Managing Director-Public Safety,"Materials, Supplies & Equip.",227976
FY2026 Adopted,General Fund,Managing Director-Public Safety,"Materials, Supplies & Equip.",0
FY2026 Estimated,General Fund,Managing Director-Public Safety,"Materials, Supplies & Equip.",0
FY2027 Proposed,General Fund,Managing Director-Public Safety,"Materials, Supplies & Equip.",0
FY2025 Actual,General Fund,Mayor's Office,Personal Services,9786215
FY2026 Adopted,General Fund,Mayor's Office,Personal Services,12198513
FY2026 Estimated,General Fund,Mayor's Office,Personal Services,12303302
FY2027 Proposed,General Fund,Mayor's Office,Personal Services,11217634
FY2025 Actual,General Fund,Mayor's Office,Purchase of Services,1305517
FY2026 Adopted,General Fund,Mayor's Office,Purchase of Services,1447150
FY2026 Estimated,General Fund,Mayor's Office,Purchase of Services,1447150
FY2027 Proposed,General Fund,Mayor's Office,Purchase of Services,2343826
FY2025 Actual,General Fund,Mayor's Office,"Materials, Supplies & Equip.",149124
FY2026 Adopted,General Fund,Mayor's Office,"Materials, Supplies & Equip.",170911
FY2026 Estimated,General Fund,Mayor's Office,"Materials, Supplies & Equip.",170911
FY2027 Proposed,General Fund,Mayor's Office,"Materials, Supplies & Equip.",158911
FY2025 Actual,General Fund,Mayor's Office,"Contrib., Indemnities & Taxes",1774
FY2026 Adopted,General Fund,Mayor's Office,"Contrib., Indemnities & Taxes",0
FY2026 Estimated,General Fund,Mayor's Office,"Contrib., Indemnities & Taxes",0
FY2027 Proposed,General Fund,Mayor's Office,"Contrib., Indemnities & Taxes",0
FY2025 Actual,General Fund,Neighborhood Community Action Centers,Personal Services,0
FY2026 Adopted,General Fund,Neighborhood Community Action Centers,Personal Services,2585304
FY2026 Estimated,General Fund,Neighborhood Community Action Centers,Personal Services,2607269
FY2027 Proposed,General Fund,Neighborhood Community Action Centers,Personal Services,3454081
FY2025 Actual,General Fund,Neighborhood Community Action Centers,Purchase of Services,0
FY2026 Adopted,General Fund,Neighborhood Community Action Centers,Purchase of Services,624300
FY2026 Estimated,General Fund,Neighborhood Community Action Centers,Purchase of Services,624300
FY2027 Proposed,General Fund,Neighborhood Community Action Centers,Purchase of Services,913339
FY2025 Actual,General Fund,Neighborhood Community Action Centers,"Materials, Supplies & Equip.",0
FY2026 Adopted,General Fund,Neighborhood Community Action Centers,"Materials, Supplies & Equip.",100000
FY2026 Estimated,General Fund,Neighborhood Community Action Centers,"Materials, Supplies & Equip.",100000
FY2027 Proposed,General Fund,Neighborhood Community Action Centers,"Materials, Supplies & Equip.",112000
FY2025 Actual,General Fund,Neighborhood Community Action Centers,"Contrib., Indemnities & Taxes",0
FY2026 Adopted,General Fund,Neighborhood Community Action Centers,"Contrib., Indemnities & Taxes",0
FY2026 Estimated,General Fund,Neighborhood Community Action Centers,"Contrib., Indemnities & Taxes",0
FY2027 Proposed,General Fund,Neighborhood Community Action Centers,"Contrib., Indemnities & Taxes",0
FY2025 Actual,General Fund,Mural Arts Program,Personal Services,566756
FY2026 Adopted,General Fund,Mural Arts Program,Personal Services,653245
FY2026 Estimated,General Fund,Mural Arts Program,Personal Services,662847
FY2027 Proposed,General Fund,Mural Arts Program,Personal Services,666048
FY2025 Actual,General Fund,Mural Arts Program,Purchase of Services,3554141
FY2026 Adopted,General Fund,Mural Arts Program,Purchase of Services,4454141
FY2026 Estimated,General Fund,Mural Arts Program,Purchase of Services,4454141
FY2027 Proposed,General Fund,Mural Arts Program,Purchase of Services,3054141
FY2025 Actual,General Fund,Office of Behavioral Health and Intellectual disAbility,Personal Services,3684008
FY2026 Adopted,General Fund,Office of Behavioral Health and Intellectual disAbility,Personal Services,3934703
FY2026 Estimated,General Fund,Office of Behavioral Health and Intellectual disAbility,Personal Services,4093919
FY2027 Proposed,General Fund,Office of Behavioral Health and Intellectual disAbility,Personal Services,4154985
FY2025 Actual,General Fund,Office of Behavioral Health and Intellectual disAbility,Purchase of Services,25233431
FY2026 Adopted,General Fund,Office of Behavioral Health and Intellectual disAbility,Purchase of Services,27395405
FY2026 Estimated,General Fund,Office of Behavioral Health and Intellectual disAbility,Purchase of Services,26570514
FY2027 Proposed,General Fund,Office of Behavioral Health and Intellectual disAbility,Purchase of Services,28145405
FY2025 Actual,General Fund,Office of Behavioral Health and Intellectual disAbility,"Materials, Supplies & Equip.",102159
FY2026 Adopted,General Fund,Office of Behavioral Health and Intellectual disAbility,"Materials, Supplies & Equip.",204000
FY2026 Estimated,General Fund,Office of Behavioral Health and Intellectual disAbility,"Materials, Supplies & Equip.",1028891
FY2027 Proposed,General Fund,Office of Behavioral Health and Intellectual disAbility,"Materials, Supplies & Equip.",204000
FY2025 Actual,General Fund,Office of Behavioral Health and Intellectual disAbility,"Contrib., Indemnities & Taxes",950
FY2026 Adopted,General Fund,Office of Behavioral Health and Intellectual disAbility,"Contrib., Indemnities & Taxes",0
FY2026 Estimated,General Fund,Office of Behavioral Health and Intellectual disAbility,"Contrib., Indemnities & Taxes",0
FY2027 Proposed,General Fund,Office of Behavioral Health and Intellectual disAbility,"Contrib., Indemnities & Taxes",0
FY2025 Actual,General Fund,Office of the Chief Administrative Officer,Personal Services,6754601
FY2026 Adopted,General Fund,Office of the Chief Administrative Officer,Personal Services,8707869
FY2026 Estimated,General Fund,Office of the Chief Administrative Officer,Personal Services,8306839
FY2027 Proposed,General Fund,Office of the Chief Administrative Officer,Personal Services,10492400
FY2025 Actual,General Fund,Office of the Chief Administrative Officer,Purchase of Services,9761151
FY2026 Adopted,General Fund,Office of the Chief Administrative Officer,Purchase of Services,3084645
FY2026 Estimated,General Fund,Office of the Chief Administrative Officer,Purchase of Services,3594265
FY2027 Proposed,General Fund,Office of the Chief Administrative Officer,Purchase of Services,2977998
FY2025 Actual,General Fund,Office of the Chief Administrative Officer,"Materials, Supplies & Equip.",43441
FY2026 Adopted,General Fund,Office of the Chief Administrative Officer,"Materials, Supplies & Equip.",141886
FY2026 Estimated,General Fund,Office of the Chief Administrative Officer,"Materials, Supplies & Equip.",153510
FY2027 Proposed,General Fund,Office of the Chief Administrative Officer,"Materials, Supplies & Equip.",129533
FY2025 Actual,General Fund,Office of Arts and Culture and the Creative Economy,Personal Services,714298
FY2026 Adopted,General Fund,Office of Arts and Culture and the Creative Economy,Personal Services,919833
FY2026 Estimated,General Fund,Office of Arts and Culture and the Creative Economy,Personal Services,931384
FY2027 Proposed,General Fund,Office of Arts and Culture and the Creative Economy,Personal Services,935235
FY2025 Actual,General Fund,Office of Arts and Culture and the Creative Economy,Purchase of Services,130768
FY2026 Adopted,General Fund,Office of Arts and Culture and the Creative Economy,Purchase of Services,400768
FY2026 Estimated,General Fund,Office of Arts and Culture and the Creative Economy,Purchase of Services,400768
FY2027 Proposed,General Fund,Office of Arts and Culture and the Creative Economy,Purchase of Services,1325768
FY2025 Actual,General Fund,Office of Arts and Culture and the Creative Economy,"Materials, Supplies & Equip.",0
FY2026 Adopted,General Fund,Office of Arts and Culture and the Creative Economy,"Materials, Supplies & Equip.",10000
FY2026 Estimated,General Fund,Office of Arts and Culture and the Creative Economy,"Materials, Supplies & Equip.",10000
FY2027 Proposed,General Fund,Office of Arts and Culture and the Creative Economy,"Materials, Supplies & Equip.",10000
FY2025 Actual,General Fund,Office of Arts and Culture and the Creative Economy,"Contrib., Indemnities & Taxes",9980000
FY2026 Adopted,General Fund,Office of Arts and Culture and the Creative Economy,"Contrib., Indemnities & Taxes",8400000
FY2026 Estimated,General Fund,Office of Arts and Culture and the Creative Economy,"Contrib., Indemnities & Taxes",8400000
FY2027 Proposed,General Fund,Office of Arts and Culture and the Creative Economy,"Contrib., Indemnities & Taxes",4300000
FY2025 Actual,General Fund,Office of Community Empowerment and Opportunity,Personal Services,2786597
FY2026 Adopted,General Fund,Office of Community Empowerment and Opportunity,Personal Services,1659447
FY2026 Estimated,General Fund,Office of Community Empowerment and Opportunity,Personal Services,1702560
FY2027 Proposed,General Fund,Office of Community Empowerment and Opportunity,Personal Services,2413855
FY2025 Actual,General Fund,Office of Community Empowerment and Opportunity,Purchase of Services,1846520
FY2026 Adopted,General Fund,Office of Community Empowerment and Opportunity,Purchase of Services,3448357
FY2026 Estimated,General Fund,Office of Community Empowerment and Opportunity,Purchase of Services,3448357
FY2027 Proposed,General Fund,Office of Community Empowerment and Opportunity,Purchase of Services,4950607
FY2025 Actual,General Fund,Office of Community Empowerment and Opportunity,"Materials, Supplies & Equip.",256805
FY2026 Adopted,General Fund,Office of Community Empowerment and Opportunity,"Materials, Supplies & Equip.",15998
FY2026 Estimated,General Fund,Office of Community Empowerment and Opportunity,"Materials, Supplies & Equip.",15998
FY2027 Proposed,General Fund,Office of Community Empowerment and Opportunity,"Materials, Supplies & Equip.",34998
FY2025 Actual,General Fund,Office of Education,Personal Services,670141
FY2026 Adopted,General Fund,Office of Education,Personal Services,4402104
FY2026 Estimated,General Fund,Office of Education,Personal Services,4412795
FY2027 Proposed,General Fund,Office of Education,Personal Services,4627859
FY2025 Actual,General Fund,Office of Education,Purchase of Services,0
FY2026 Adopted,General Fund,Office of Education,Purchase of Services,4673399
FY2026 Estimated,General Fund,Office of Education,Purchase of Services,4673399
FY2027 Proposed,General Fund,Office of Education,Purchase of Services,5112739
FY2025 Actual,General Fund,Office of Education,"Materials, Supplies & Equip.",0
FY2026 Adopted,General Fund,Office of Education,"Materials, Supplies & Equip.",134937
FY2026 Estimated,General Fund,Office of Education,"Materials, Supplies & Equip.",134937
FY2027 Proposed,General Fund,Office of Education,"Materials, Supplies & Equip.",153787
FY2025 Actual,General Fund,Office of Homeless Services,Personal Services,11280708
FY2026 Adopted,General Fund,Office of Homeless Services,Personal Services,11415485
FY2026 Estimated,General Fund,Office of Homeless Services,Personal Services,12106839
FY2027 Proposed,General Fund,Office of Homeless Services,Personal Services,12306871
FY2025 Actual,General Fund,Office of Homeless Services,Purchase of Services,73476653
FY2026 Adopted,General Fund,Office of Homeless Services,Purchase of Services,72396005
FY2026 Estimated,General Fund,Office of Homeless Services,Purchase of Services,72396005
FY2027 Proposed,General Fund,Office of Homeless Services,Purchase of Services,72692842
FY2025 Actual,General Fund,Office of Homeless Services,"Materials, Supplies & Equip.",334892
FY2026 Adopted,General Fund,Office of Homeless Services,"Materials, Supplies & Equip.",344127
FY2026 Estimated,General Fund,Office of Homeless Services,"Materials, Supplies & Equip.",344127
FY2027 Proposed,General Fund,Office of Homeless Services,"Materials, Supplies & Equip.",344127
FY2025 Actual,General Fund,Office of Homeless Services,"Contrib., Indemnities & Taxes",191134
FY2026 Adopted,General Fund,Office of Homeless Services,"Contrib., Indemnities & Taxes",32421
FY2026 Estimated,General Fund,Office of Homeless Services,"Contrib., Indemnities & Taxes",32421
FY2027 Proposed,General Fund,Office of Homeless Services,"Contrib., Indemnities & Taxes",0
FY2025 Actual,General Fund,Office of Human Resources,Personal Services,7277162
FY2026 Adopted,General Fund,Office of Human Resources,Personal Services,7528300
FY2026 Estimated,General Fund,Office of Human Resources,Personal Services,7770545
FY2027 Proposed,General Fund,Office of Human Resources,Personal Services,8061912
FY2025 Actual,General Fund,Office of Human Resources,Purchase of Services,3164378
FY2026 Adopted,General Fund,Office of Human Resources,Purchase of Services,10757871
FY2026 Estimated,General Fund,Office of Human Resources,Purchase of Services,10757871
FY2027 Proposed,General Fund,Office of Human Resources,Purchase of Services,14831619
FY2025 Actual,General Fund,Office of Human Resources,"Materials, Supplies & Equip.",37690
FY2026 Adopted,General Fund,Office of Human Resources,"Materials, Supplies & Equip.",72903
FY2026 Estimated,General Fund,Office of Human Resources,"Materials, Supplies & Equip.",72903
FY2027 Proposed,General Fund,Office of Human Resources,"Materials, Supplies & Equip.",72903
FY2025 Actual,General Fund,Office of Innovation and Technology,Personal Services,31870212
FY2026 Adopted,General Fund,Office of Innovation and Technology,Personal Services,34107725
FY2026 Estimated,General Fund,Office of Innovation and Technology,Personal Services,34777762
FY2027 Proposed,General Fund,Office of Innovation and Technology,Personal Services,35487971
FY2025 Actual,General Fund,Office of Innovation and Technology,Purchase of Services,66852145
FY2026 Adopted,General Fund,Office of Innovation and Technology,Purchase of Services,73200955
FY2026 Estimated,General Fund,Office of Innovation and Technology,Purchase of Services,73200955
FY2027 Proposed,General Fund,Office of Innovation and Technology,Purchase of Services,83413846
FY2025 Actual,General Fund,Office of Innovation and Technology,"Materials, Supplies & Equip.",13156557
FY2026 Adopted,General Fund,Office of Innovation and Technology,"Materials, Supplies & Equip.",11133602
FY2026 Estimated,General Fund,Office of Innovation and Technology,"Materials, Supplies & Equip.",11133602
FY2027 Proposed,General Fund,Office of Innovation and Technology,"Materials, Supplies & Equip.",12355834
FY2025 Actual,General Fund,Office of Innovation and Technology,"Contrib., Indemnities & Taxes",0
FY2026 Adopted,General Fund,Office of Innovation and Technology,"Contrib., Indemnities & Taxes",0
FY2026 Estimated,General Fund,Office of Innovation and Technology,"Contrib., Indemnities & Taxes",0
FY2027 Proposed,General Fund,Office of Innovation and Technology,"Contrib., Indemnities & Taxes",0
FY2025 Actual,General Fund,Office of Innovation and Technology,Payments to Other Funds,606451
FY2026 Adopted,General Fund,Office of Innovation and Technology,Payments to Other Funds,0
FY2026 Estimated,General Fund,Office of Innovation and Technology,Payments to Other Funds,0
FY2027 Proposed,General Fund,Office of Innovation and Technology,Payments to Other Funds,0
FY2025 Actual,General Fund,Office of Innovation and Technology-911,Personal Services,1704914
FY2026 Adopted,General Fund,Office of Innovation and Technology-911,Personal Services,1908732
FY2026 Estimated,General Fund,Office of Innovation and Technology-911,Personal Services,1908732
FY2027 Proposed,General Fund,Office of Innovation and Technology-911,Personal Services,1908732
FY2025 Actual,General Fund,Office of Innovation and Technology-911,Purchase of Services,15247205
FY2026 Adopted,General Fund,Office of Innovation and Technology-911,Purchase of Services,20716856
FY2026 Estimated,General Fund,Office of Innovation and Technology-911,Purchase of Services,20716856
FY2027 Proposed,General Fund,Office of Innovation and Technology-911,Purchase of Services,16637321
FY2025 Actual,General Fund,Office of Innovation and Technology-911,"Materials, Supplies & Equip.",6026130
FY2026 Adopted,General Fund,Office of Innovation and Technology-911,"Materials, Supplies & Equip.",18998646
FY2026 Estimated,General Fund,Office of Innovation and Technology-911,"Materials, Supplies & Equip.",18998646
FY2027 Proposed,General Fund,Office of Innovation and Technology-911,"Materials, Supplies & Equip.",8868174
FY2025 Actual,General Fund,Office of the Inspector General,Personal Services,1863732
FY2026 Adopted,General Fund,Office of the Inspector General,Personal Services,2534057
FY2026 Estimated,General Fund,Office of the Inspector General,Personal Services,2563502
FY2027 Proposed,General Fund,Office of the Inspector General,Personal Services,2573317
FY2025 Actual,General Fund,Office of the Inspector General,Purchase of Services,127327
FY2026 Adopted,General Fund,Office of the Inspector General,Purchase of Services,474695
FY2026 Estimated,General Fund,Office of the Inspector General,Purchase of Services,474695
FY2027 Proposed,General Fund,Office of the Inspector General,Purchase of Services,374695
FY2025 Actual,General Fund,Office of the Inspector General,"Materials, Supplies & Equip.",7873
FY2026 Adopted,General Fund,Office of the Inspector General,"Materials, Supplies & Equip.",8665
FY2026 Estimated,General Fund,Office of the Inspector General,"Materials, Supplies & Equip.",8665
FY2027 Proposed,General Fund,Office of the Inspector General,"Materials, Supplies & Equip.",8665
FY2025 Actual,General Fund,Office of Property Assessment,Personal Services,14623282
FY2026 Adopted,General Fund,Office of Property Assessment,Personal Services,16618749
FY2026 Estimated,General Fund,Office of Property Assessment,Personal Services,17276959
FY2027 Proposed,General Fund,Office of Property Assessment,Personal Services,17477200
FY2025 Actual,General Fund,Office of Property Assessment,Purchase of Services,1836194
FY2026 Adopted,General Fund,Office of Property Assessment,Purchase of Services,2986020
FY2026 Estimated,General Fund,Office of Property Assessment,Purchase of Services,2986020
FY2027 Proposed,General Fund,Office of Property Assessment,Purchase of Services,4086020
FY2025 Actual,General Fund,Office of Property Assessment,"Materials, Supplies & Equip.",300951
FY2026 Adopted,General Fund,Office of Property Assessment,"Materials, Supplies & Equip.",362600
FY2026 Estimated,General Fund,Office of Property Assessment,"Materials, Supplies & Equip.",362600
FY2027 Proposed,General Fund,Office of Property Assessment,"Materials, Supplies & Equip.",362600
FY2025 Actual,General Fund,Office of Public Safety,Personal Services,0
FY2026 Adopted,General Fund,Office of Public Safety,Personal Services,9305263
FY2026 Estimated,General Fund,Office of Public Safety,Personal Services,9425008
FY2027 Proposed,General Fund,Office of Public Safety,Personal Services,11670326
FY2025 Actual,General Fund,Office of Public Safety,Purchase of Services,0
FY2026 Adopted,General Fund,Office of Public Safety,Purchase of Services,57549103
FY2026 Estimated,General Fund,Office of Public Safety,Purchase of Services,57549103
FY2027 Proposed,General Fund,Office of Public Safety,Purchase of Services,52714064
FY2025 Actual,General Fund,Office of Public Safety,"Materials, Supplies & Equip.",0
FY2026 Adopted,General Fund,Office of Public Safety,"Materials, Supplies & Equip.",318880
FY2026 Estimated,General Fund,Office of Public Safety,"Materials, Supplies & Equip.",318880
FY2027 Proposed,General Fund,Office of Public Safety,"Materials, Supplies & Equip.",281380
FY2025 Actual,General Fund,Office of Public Safety- Office of Prison Oversight,Personal Services,0
FY2026 Adopted,General Fund,Office of Public Safety- Office of Prison Oversight,Personal Services,1021158
FY2026 Estimated,General Fund,Office of Public Safety- Office of Prison Oversight,Personal Services,1021158
FY2027 Proposed,General Fund,Office of Public Safety- Office of Prison Oversight,Personal Services,1052648
FY2025 Actual,General Fund,Office of Public Safety- Office of Prison Oversight,Purchase of Services,0
FY2026 Adopted,General Fund,Office of Public Safety- Office of Prison Oversight,Purchase of Services,349027
FY2026 Estimated,General Fund,Office of Public Safety- Office of Prison Oversight,Purchase of Services,349027
FY2027 Proposed,General Fund,Office of Public Safety- Office of Prison Oversight,Purchase of Services,349027
FY2025 Actual,General Fund,Office of Public Safety- Office of Prison Oversight,"Materials, Supplies & Equip.",0
FY2026 Adopted,General Fund,Office of Public Safety- Office of Prison Oversight,"Materials, Supplies & Equip.",27922
FY2026 Estimated,General Fund,Office of Public Safety- Office of Prison Oversight,"Materials, Supplies & Equip.",27922
FY2027 Proposed,General Fund,Office of Public Safety- Office of Prison Oversight,"Materials, Supplies & Equip.",27922
FY2025 Actual,General Fund,Office of Sustainability,Personal Services,1668099
FY2026 Adopted,General Fund,Office of Sustainability,Personal Services,2053333
FY2026 Estimated,General Fund,Office of Sustainability,Personal Services,2083258
FY2027 Proposed,General Fund,Office of Sustainability,Personal Services,2163233
FY2025 Actual,General Fund,Office of Sustainability,Purchase of Services,774766
FY2026 Adopted,General Fund,Office of Sustainability,Purchase of Services,1024484
FY2026 Estimated,General Fund,Office of Sustainability,Purchase of Services,1024484
FY2027 Proposed,General Fund,Office of Sustainability,Purchase of Services,927984
FY2025 Actual,General Fund,Office of Sustainability,"Materials, Supplies & Equip.",1000
FY2026 Adopted,General Fund,Office of Sustainability,"Materials, Supplies & Equip.",2500
FY2026 Estimated,General Fund,Office of Sustainability,"Materials, Supplies & Equip.",2500
FY2027 Proposed,General Fund,Office of Sustainability,"Materials, Supplies & Equip.",2500
FY2025 Actual,General Fund,Office of Sustainability,"Contrib., Indemnities & Taxes",0
FY2026 Adopted,General Fund,Office of Sustainability,"Contrib., Indemnities & Taxes",0
FY2026 Estimated,General Fund,Office of Sustainability,"Contrib., Indemnities & Taxes",0
FY2027 Proposed,General Fund,Office of Sustainability,"Contrib., Indemnities & Taxes",0
FY2025 Actual,General Fund,Office of Sustainability,Payments to Other Funds,175000
FY2026 Adopted,General Fund,Office of Sustainability,Payments to Other Funds,175000
FY2026 Estimated,General Fund,Office of Sustainability,Payments to Other Funds,175000
FY2027 Proposed,General Fund,Office of Sustainability,Payments to Other Funds,0
FY2025 Actual,General Fund,Parks and Recreation,Personal Services,65695796
FY2026 Adopted,General Fund,Parks and Recreation,Personal Services,67057180
FY2026 Estimated,General Fund,Parks and Recreation,Personal Services,69578312
FY2027 Proposed,General Fund,Parks and Recreation,Personal Services,72052757
FY2025 Actual,General Fund,Parks and Recreation,Purchase of Services,12810445
FY2026 Adopted,General Fund,Parks and Recreation,Purchase of Services,12053442
FY2026 Estimated,General Fund,Parks and Recreation,Purchase of Services,12053442
FY2027 Proposed,General Fund,Parks and Recreation,Purchase of Services,10983442
FY2025 Actual,General Fund,Parks and Recreation,"Materials, Supplies & Equip.",4671578
FY2026 Adopted,General Fund,Parks and Recreation,"Materials, Supplies & Equip.",4705038
FY2026 Estimated,General Fund,Parks and Recreation,"Materials, Supplies & Equip.",4705038
FY2027 Proposed,General Fund,Parks and Recreation,"Materials, Supplies & Equip.",4782248
FY2025 Actual,General Fund,Parks and Recreation,"Contrib., Indemnities & Taxes",4309944
FY2026 Adopted,General Fund,Parks and Recreation,"Contrib., Indemnities & Taxes",3500000
FY2026 Estimated,General Fund,Parks and Recreation,"Contrib., Indemnities & Taxes",3500000
FY2027 Proposed,General Fund,Parks and Recreation,"Contrib., Indemnities & Taxes",1500000
FY2025 Actual,General Fund,Parks and Recreation,Payments to Other Funds,4321865
FY2026 Adopted,General Fund,Parks and Recreation,Payments to Other Funds,0
FY2026 Estimated,General Fund,Parks and Recreation,Payments to Other Funds,0
FY2027 Proposed,General Fund,Parks and Recreation,Payments to Other Funds,0
FY2025 Actual,General Fund,Planning and Development,Personal Services,6480397
FY2026 Adopted,General Fund,Planning and Development,Personal Services,7680981
FY2026 Estimated,General Fund,Planning and Development,Personal Services,7913132
FY2027 Proposed,General Fund,Planning and Development,Personal Services,8924662
FY2025 Actual,General Fund,Planning and Development,Purchase of Services,5520104
FY2026 Adopted,General Fund,Planning and Development,Purchase of Services,12093786
FY2026 Estimated,General Fund,Planning and Development,Purchase of Services,12093786
FY2027 Proposed,General Fund,Planning and Development,Purchase of Services,15381344
FY2025 Actual,General Fund,Planning and Development,"Materials, Supplies & Equip.",113327
FY2026 Adopted,General Fund,Planning and Development,"Materials, Supplies & Equip.",630050
FY2026 Estimated,General Fund,Planning and Development,"Materials, Supplies & Equip.",630050
FY2027 Proposed,General Fund,Planning and Development,"Materials, Supplies & Equip.",131305
FY2025 Actual,General Fund,Planning and Development,"Contrib., Indemnities & Taxes",3000000
FY2026 Adopted,General Fund,Planning and Development,"Contrib., Indemnities & Taxes",7000000
FY2026 Estimated,General Fund,Planning and Development,"Contrib., Indemnities & Taxes",7000000
FY2027 Proposed,General Fund,Planning and Development,"Contrib., Indemnities & Taxes",6000000
FY2025 Actual,General Fund,Police,Personal Services,797554363
FY2026 Adopted,General Fund,Police,Personal Services,834940051
FY2026 Estimated,General Fund,Police,Personal Services,873281702
FY2027 Proposed,General Fund,Police,Personal Services,896422106
FY2025 Actual,General Fund,Police,Purchase of Services,19318390
FY2026 Adopted,General Fund,Police,Purchase of Services,20087223
FY2026 Estimated,General Fund,Police,Purchase of Services,20087223
FY2027 Proposed,General Fund,Police,Purchase of Services,21323109
FY2025 Actual,General Fund,Police,"Materials, Supplies & Equip.",17700895
FY2026 Adopted,General Fund,Police,"Materials, Supplies & Equip.",18467546
FY2026 Estimated,General Fund,Police,"Materials, Supplies & Equip.",18467546
FY2027 Proposed,General Fund,Police,"Materials, Supplies & Equip.",16650557
FY2025 Actual,General Fund,Police,"Contrib., Indemnities & Taxes",34900072
FY2026 Adopted,General Fund,Police,"Contrib., Indemnities & Taxes",0
FY2026 Estimated,General Fund,Police,"Contrib., Indemnities & Taxes",0
FY2027 Proposed,General Fund,Police,"Contrib., Indemnities & Taxes",0
FY2025 Actual,General Fund,Prisons,Personal Services,147763998
FY2026 Adopted,General Fund,Prisons,Personal Services,179402433
FY2026 Estimated,General Fund,Prisons,Personal Services,180144671
FY2027 Proposed,General Fund,Prisons,Personal Services,180619728
FY2025 Actual,General Fund,Prisons,Purchase of Services,116115652
FY2026 Adopted,General Fund,Prisons,Purchase of Services,122561746
FY2026 Estimated,General Fund,Prisons,Purchase of Services,122561746
FY2027 Proposed,General Fund,Prisons,Purchase of Services,124186746
FY2025 Actual,General Fund,Prisons,"Materials, Supplies & Equip.",5773663
FY2026 Adopted,General Fund,Prisons,"Materials, Supplies & Equip.",6580008
FY2026 Estimated,General Fund,Prisons,"Materials, Supplies & Equip.",6580008
FY2027 Proposed,General Fund,Prisons,"Materials, Supplies & Equip.",11180008
FY2025 Actual,General Fund,Prisons,"Contrib., Indemnities & Taxes",30904013
FY2026 Adopted,General Fund,Prisons,"Contrib., Indemnities & Taxes",1701757
FY2026 Estimated,General Fund,Prisons,"Contrib., Indemnities & Taxes",1701757
FY2027 Proposed,General Fund,Prisons,"Contrib., Indemnities & Taxes",1701757
FY2025 Actual,General Fund,Procurement,Personal Services,2735358
FY2026 Adopted,General Fund,Procurement,Personal Services,3293773
FY2026 Estimated,General Fund,Procurement,Personal Services,3323858
FY2027 Proposed,General Fund,Procurement,Personal Services,3452131
FY2025 Actual,General Fund,Procurement,Purchase of Services,4123426
FY2026 Adopted,General Fund,Procurement,Purchase of Services,3563948
FY2026 Estimated,General Fund,Procurement,Purchase of Services,5302164
FY2027 Proposed,General Fund,Procurement,Purchase of Services,4413948
FY2025 Actual,General Fund,Procurement,"Materials, Supplies & Equip.",14568
FY2026 Adopted,General Fund,Procurement,"Materials, Supplies & Equip.",46868
FY2026 Estimated,General Fund,Procurement,"Materials, Supplies & Equip.",46868
FY2027 Proposed,General Fund,Procurement,"Materials, Supplies & Equip.",46868
FY2025 Actual,General Fund,Public Health,Personal Services,72458296
FY2026 Adopted,General Fund,Public Health,Personal Services,72442924
FY2026 Estimated,General Fund,Public Health,Personal Services,75368162
FY2027 Proposed,General Fund,Public Health,Personal Services,80339658
FY2025 Actual,General Fund,Public Health,Purchase of Services,64283638
FY2026 Adopted,General Fund,Public Health,Purchase of Services,70717074
FY2026 Estimated,General Fund,Public Health,Purchase of Services,70717074
FY2027 Proposed,General Fund,Public Health,Purchase of Services,68798459
FY2025 Actual,General Fund,Public Health,"Materials, Supplies & Equip.",8618766
FY2026 Adopted,General Fund,Public Health,"Materials, Supplies & Equip.",8324326
FY2026 Estimated,General Fund,Public Health,"Materials, Supplies & Equip.",8324326
FY2027 Proposed,General Fund,Public Health,"Materials, Supplies & Equip.",8436655
FY2025 Actual,General Fund,Public Health,"Contrib., Indemnities & Taxes",4000012
FY2026 Adopted,General Fund,Public Health,"Contrib., Indemnities & Taxes",0
FY2026 Estimated,General Fund,Public Health,"Contrib., Indemnities & Taxes",0
FY2027 Proposed,General Fund,Public Health,"Contrib., Indemnities & Taxes",0
FY2025 Actual,General Fund,Public Health,Payments to Other Funds,7783959
FY2026 Adopted,General Fund,Public Health,Payments to Other Funds,10904680
FY2026 Estimated,General Fund,Public Health,Payments to Other Funds,10904680
FY2027 Proposed,General Fund,Public Health,Payments to Other Funds,923404
FY2025 Actual,General Fund,Public Property,Personal Services,8617062
FY2026 Adopted,General Fund,Public Property,Personal Services,9965810
FY2026 Estimated,General Fund,Public Property,Personal Services,10355751
FY2027 Proposed,General Fund,Public Property,Personal Services,10472281
FY2025 Actual,General Fund,Public Property,Purchase of Services,50004257
FY2026 Adopted,General Fund,Public Property,Purchase of Services,50398367
FY2026 Estimated,General Fund,Public Property,Purchase of Services,52493367
FY2027 Proposed,General Fund,Public Property,Purchase of Services,51276845
FY2025 Actual,General Fund,Public Property,"Materials, Supplies & Equip.",4077034
FY2026 Adopted,General Fund,Public Property,"Materials, Supplies & Equip.",1854966
FY2026 Estimated,General Fund,Public Property,"Materials, Supplies & Equip.",1854966
FY2027 Proposed,General Fund,Public Property,"Materials, Supplies & Equip.",1604966
FY2025 Actual,General Fund,Public Property,"Contrib., Indemnities & Taxes",194500
FY2026 Adopted,General Fund,Public Property,"Contrib., Indemnities & Taxes",0
FY2026 Estimated,General Fund,Public Property,"Contrib., Indemnities & Taxes",0
FY2027 Proposed,General Fund,Public Property,"Contrib., Indemnities & Taxes",0
FY2025 Actual,General Fund,Public Property,Payments to Other Funds,31414487
FY2026 Adopted,General Fund,Public Property,Payments to Other Funds,40015035
FY2026 Estimated,General Fund,Public Property,Payments to Other Funds,40015035
FY2027 Proposed,General Fund,Public Property,Payments to Other Funds,44085905
FY2025 Actual,General Fund,Public Property-SEPTA Subsidy,Purchase of Services,133291440
FY2026 Adopted,General Fund,Public Property-SEPTA Subsidy,Purchase of Services,134989000
FY2026 Estimated,General Fund,Public Property-SEPTA Subsidy,Purchase of Services,134989000
FY2027 Proposed,General Fund,Public Property-SEPTA Subsidy,Purchase of Services,134989000
FY2025 Actual,General Fund,Public Property-Space Rentals,Purchase of Services,39570856
FY2026 Adopted,General Fund,Public Property-Space Rentals,Purchase of Services,57736320
FY2026 Estimated,General Fund,Public Property-Space Rentals,Purchase of Services,51418637
FY2027 Proposed,General Fund,Public Property-Space Rentals,Purchase of Services,63130838
FY2025 Actual,General Fund,Public Property-Utilities,Purchase of Services,27148234
FY2026 Adopted,General Fund,Public Property-Utilities,Purchase of Services,33578003
FY2026 Estimated,General Fund,Public Property-Utilities,Purchase of Services,33578003
FY2027 Proposed,General Fund,Public Property-Utilities,Purchase of Services,35959093
FY2025 Actual,General Fund,Records,Personal Services,3620164
FY2026 Adopted,General Fund,Records,Personal Services,3793693
FY2026 Estimated,General Fund,Records,Personal Services,3992231
FY2027 Proposed,General Fund,Records,Personal Services,4035760
FY2025 Actual,General Fund,Records,Purchase of Services,748500
FY2026 Adopted,General Fund,Records,Purchase of Services,809122
FY2026 Estimated,General Fund,Records,Purchase of Services,809122
FY2027 Proposed,General Fund,Records,Purchase of Services,704122
FY2025 Actual,General Fund,Records,"Materials, Supplies & Equip.",141207
FY2026 Adopted,General Fund,Records,"Materials, Supplies & Equip.",143758
FY2026 Estimated,General Fund,Records,"Materials, Supplies & Equip.",143758
FY2027 Proposed,General Fund,Records,"Materials, Supplies & Equip.",143758
FY2025 Actual,General Fund,Register of Wills,Personal Services,5036216
FY2026 Adopted,General Fund,Register of Wills,Personal Services,5393539
FY2026 Estimated,General Fund,Register of Wills,Personal Services,5439571
FY2027 Proposed,General Fund,Register of Wills,Personal Services,5454916
FY2025 Actual,General Fund,Register of Wills,Purchase of Services,421257
FY2026 Adopted,General Fund,Register of Wills,Purchase of Services,671959
FY2026 Estimated,General Fund,Register of Wills,Purchase of Services,671959
FY2027 Proposed,General Fund,Register of Wills,Purchase of Services,421959
FY2025 Actual,General Fund,Register of Wills,"Materials, Supplies & Equip.",151781
FY2026 Adopted,General Fund,Register of Wills,"Materials, Supplies & Equip.",152596
FY2026 Estimated,General Fund,Register of Wills,"Materials, Supplies & Equip.",152596
FY2027 Proposed,General Fund,Register of Wills,"Materials, Supplies & Equip.",152596
FY2025 Actual,General Fund,Register of Wills,"Contrib., Indemnities & Taxes",275000
FY2026 Adopted,General Fund,Register of Wills,"Contrib., Indemnities & Taxes",0
FY2026 Estimated,General Fund,Register of Wills,"Contrib., Indemnities & Taxes",0
FY2027 Proposed,General Fund,Register of Wills,"Contrib., Indemnities & Taxes",0
FY2025 Actual,General Fund,Revenue,Personal Services,24127629
FY2026 Adopted,General Fund,Revenue,Personal Services,23679845
FY2026 Estimated,General Fund,Revenue,Personal Services,24093067
FY2027 Proposed,General Fund,Revenue,Personal Services,25083695
FY2025 Actual,General Fund,Revenue,Purchase of Services,5947686
FY2026 Adopted,General Fund,Revenue,Purchase of Services,5064649
FY2026 Estimated,General Fund,Revenue,Purchase of Services,5714649
FY2027 Proposed,General Fund,Revenue,Purchase of Services,6627649
FY2025 Actual,General Fund,Revenue,"Materials, Supplies & Equip.",1852659
FY2026 Adopted,General Fund,Revenue,"Materials, Supplies & Equip.",2069045
FY2026 Estimated,General Fund,Revenue,"Materials, Supplies & Equip.",2069045
FY2027 Proposed,General Fund,Revenue,"Materials, Supplies & Equip.",1290545
FY2025 Actual,General Fund,Sanitation-Disposal,Purchase of Services,60566484
FY2026 Adopted,General Fund,Sanitation-Disposal,Purchase of Services,63238164
FY2026 Estimated,General Fund,Sanitation-Disposal,Purchase of Services,63238164
FY2027 Proposed,General Fund,Sanitation-Disposal,Purchase of Services,65275823
FY2025 Actual,General Fund,Sanitation,Personal Services,100316451
FY2026 Adopted,General Fund,Sanitation,Personal Services,107134671
FY2026 Estimated,General Fund,Sanitation,Personal Services,113186109
FY2027 Proposed,General Fund,Sanitation,Personal Services,115837640
FY2025 Actual,General Fund,Sanitation,Purchase of Services,6122064
FY2026 Adopted,General Fund,Sanitation,Purchase of Services,3821616
FY2026 Estimated,General Fund,Sanitation,Purchase of Services,3821616
FY2027 Proposed,General Fund,Sanitation,Purchase of Services,3834816
FY2025 Actual,General Fund,Sanitation,"Materials, Supplies & Equip.",7235636
FY2026 Adopted,General Fund,Sanitation,"Materials, Supplies & Equip.",5766632
FY2026 Estimated,General Fund,Sanitation,"Materials, Supplies & Equip.",5766632
FY2027 Proposed,General Fund,Sanitation,"Materials, Supplies & Equip.",5039632
FY2025 Actual,General Fund,Sanitation,"Contrib., Indemnities & Taxes",8414710
FY2026 Adopted,General Fund,Sanitation,"Contrib., Indemnities & Taxes",53171
FY2026 Estimated,General Fund,Sanitation,"Contrib., Indemnities & Taxes",53171
FY2027 Proposed,General Fund,Sanitation,"Contrib., Indemnities & Taxes",53171
FY2025 Actual,General Fund,Sheriff,Personal Services,32003728
FY2026 Adopted,General Fund,Sheriff,Personal Services,31550600
FY2026 Estimated,General Fund,Sheriff,Personal Services,31695912
FY2027 Proposed,General Fund,Sheriff,Personal Services,31723477
FY2025 Actual,General Fund,Sheriff,Purchase of Services,2932641
FY2026 Adopted,General Fund,Sheriff,Purchase of Services,2647080
FY2026 Estimated,General Fund,Sheriff,Purchase of Services,2647080
FY2027 Proposed,General Fund,Sheriff,Purchase of Services,2647080
FY2025 Actual,General Fund,Sheriff,"Materials, Supplies & Equip.",451887
FY2026 Adopted,General Fund,Sheriff,"Materials, Supplies & Equip.",1287133
FY2026 Estimated,General Fund,Sheriff,"Materials, Supplies & Equip.",1287133
FY2027 Proposed,General Fund,Sheriff,"Materials, Supplies & Equip.",1287133
FY2025 Actual,General Fund,Sheriff,"Contrib., Indemnities & Taxes",343355
FY2026 Adopted,General Fund,Sheriff,"Contrib., Indemnities & Taxes",0
FY2026 Estimated,General Fund,Sheriff,"Contrib., Indemnities & Taxes",0
FY2027 Proposed,General Fund,Sheriff,"Contrib., Indemnities & Taxes",0
FY2025 Actual,General Fund,Sinking Fund Commission (Debt Service),Purchase of Services,117667281
FY2026 Adopted,General Fund,Sinking Fund Commission (Debt Service),Purchase of Services,173276984
FY2026 Estimated,General Fund,Sinking Fund Commission (Debt Service),Purchase of Services,139806984
FY2027 Proposed,General Fund,Sinking Fund Commission (Debt Service),Purchase of Services,189668861
FY2025 Actual,General Fund,Sinking Fund Commission (Debt Service),Debt Service,195090263
FY2026 Adopted,General Fund,Sinking Fund Commission (Debt Service),Debt Service,231495486
FY2026 Estimated,General Fund,Sinking Fund Commission (Debt Service),Debt Service,222495486
FY2027 Proposed,General Fund,Sinking Fund Commission (Debt Service),Debt Service,241195016
